No,名称,北緯,東経
4,弘前城,40.6075,140.4638888
29,松本城,36.2386111,137.9688888
36,丸岡城,36.1519444,136.2722222
43,犬山城,35.3883333,136.9391666
50,彦根城,35.2763888,136.2516666
59,姫路城,34.8394444,134.6938888
64,松江城,35.475,133.0505555
68,備中松山城,34.8088888,133.6219444
78,丸亀城,34.2861111,133.8005555
81,松山城,33.8455555,132.7655555
83,宇和島城,33.2191666,132.565
84,高知城,33.5608333,133.5311111
