No,名称,北緯,東経
44,名古屋城,35.1858333,136.8994444
58,明石城,34.6525,134.9916666
71_1,福山城（伏見櫓）,34.4908333,133.3611111
77_1,高松城(北之丸月見櫓),34.3502777,134.0516666
92_1,熊本城（宇土櫓）,32.8061111,130.7058333