No,名称,北緯,東経
3,松前城,41.4297222,140.1083333
12,会津若松城,37.4875,139.9297222
13,白河小峰城,37.1325,140.2133333
31,新発田城,37.9552777,139.3252777
42,掛川城,34.775,138.0138888
74,岩国城,34.1752777,132.1741666
82,大洲城,33.5094444,132.5411111
