No,名称,北緯,東経
23_1,小田原城（天守）,35.2513888,139.1536111
39,岐阜城,35.4338888,136.7822222
45,岡崎城,34.9561111,137.1588888
54,大阪城,34.6875,135.5258333
91,島原城,32.7891666,130.3672222
