No,名称,北緯,東経
11,二本松城,37.5994444,140.4277777
14,水戸城,36.3752777,140.4769444
56,竹田城,35.3,134.8288888
57,篠山城,35.0730555,135.2175
61,高取城,34.4291666,135.8275
67,津山城,35.0627777,134.005
70,岡山城,34.665,133.9361111
71_2,福山城（天守）,34.4908333,133.3611111
