No,名称,北緯,東経
27,上田城,36.4036111,138.2444444
41,駿府城,34.9791666,138.3830555
66,津和野城,34.46,131.7641666
72,郡山城,34.6736111,132.7094444
76,徳島城,34.0752777,134.555
77,高松城（旧東の丸艮櫓）,34.3502777,134.0516666
98,今帰仁城,26.6911111,127.9297222
92_2,熊本城（天守）,32.8061111,130.7058333
30,高遠城,35.8327777,138.0625
34,七尾城,37.0086111,136.9838888
