No,名称,北緯,東経
23_2,小田原城(小峯御鐘ノ台大堀切東堀),35.2513888,139.1536111
33,高岡城,36.7491666,137.0208333
38,岩村城,35.3597222,137.4511111
40,山中城,35.1561111,138.9919444
48,松阪城,34.5758333,136.5255555
79,今治城,34.0633333,133.0069444
80,湯築城,33.8486111,132.7863888
87,名護屋城,33.5302777,129.8691666
88,吉野ヶ里,33.3247222,130.3833333