No,名称,北緯,東経
28,小諸城,36.3269444,138.4169444
37,一乗谷城,35.9958333,136.3080555
65,月山富田城,35.3608333,133.1847222
86_1,大野城(太宰府市),33.5397222,130.5230555
86_2,大野城(大野城市),33.5397222,130.5230555
86_3,大野城(宇美町),33.5397222,130.5230555
89,佐賀城,33.2452777,130.3027777
97,鹿児島城,31.5986111,130.5547222
99,中城城,26.2838888,127.8011111