No,名称,北緯,東経
105,白石城,38.00257,140.617138
113,土浦城,36.084842,140.198167
131,村上城,38.219848,139.485001
138,越前大野城,35.986611,136.48309
143,美濃金山城,35.456681,137.097378
164,洲本城,34.337695,134.902862
169,米子城,35.425035,133.324403
172,三原城,34.401199,133.082612
181,小倉城,33.884434,130.874264
194,佐伯城,32.96024,131.889838